{
  "vapqx": 0.888371823359164,
  "dxbrw": true,
  "jxhjy": true,
  "kxlgv": true,
  "lcrwq": 0.8116914886708627,
  "hklhj": -64,
  "yuzoz": true,
  "vhnur": 0.3757641850878629,
  "yajcy": true,
  "kwxgw": -3,
  "glazp": false,
  "yfcdl": -80,
  "snimq": 0.9886181947150735,
  "pkxhr": 0.7385313368945488,
  "tfenl": true,
  "vgmmw": 37,
  "tbhrf": 0.47877875685404536,
  "gvecx": 90,
  "berko": true
}