{
  "hpzgl": 72,
  "czvzr": false,
  "hebmk": true,
  "brczz": -97,
  "pbzpw": true,
  "nzvqm": 41,
  "eoact": 0.8678547393028493,
  "fosjx": true,
  "ezqst": -81,
  "tkvof": 0.6477383876670774,
  "scqzz": true,
  "eprpf": 0.21865846705180547,
  "lltqt": false
}