{
  "olxqe": 0.3625362005930085,
  "tixdp": 0.3737794686832334,
  "vyqrs": -80,
  "fgiil": true,
  "wbuso": false,
  "wzrhk": -30,
  "vdenp": -47
}